,ID_long,add_info,notes
3,3104718669-60949-007_3104718669-60949-008,"BRE Certified 04/08/1959
Processed 04/13/1959
Certified to Sponsor 04/09/1959","Income for the head of household indicated ""Home""."
7,3104718669-60949-015_3104718669-60949-016,"Licensed 06/29/1959
BRE Certified Substandard 06/29/1959
Processed 07/09/1959","Address in Front of card indicates 163-165 West 62
Floor number is unclear.
Income has a question mark in it
Unclear what the income source is."
13,3104734180-60950-011_3104734180-60950-012,"BRE Cert Substandard No Central Heat
01/14/ Licensed",Some information in the “Additional Information” section is unclear.
22,3104744331-60951-013_3104744331-60951-014,BRE Cert 04/10/1959 - Processed 04/14/1959,Revised on 01/26/2024.
23,3104744331-60951-015_3104744331-60951-016,"02/01/1959 98 Vermilyea Ave 3@58-
04/11/1959 862 10th Ave@5214
BRE Cert 04/15/1959 Processed 04/15/1959",Second son has a line crossing it. Date moved in only includes the year. Employment information is of the first son.
27,3104750306-60952-005_3104750306-60952-006,BRE Cert 03/18/1959 Founded 03/23/1959,Income for W is unclear. Date moved in does not include date.
38,3105040525-60953-011_3105040525-60953-012,"BRE Cert OK 03/09/1959
03/10/1959 Cert to Sponsor
Listings 03/11/1959",Date Moved In only includes the year.
52,3105078105-60955-003_3105078105-60955-004,"Listings 04/17/1959 (Apr. 17-59), BRE Cert OK 4/20/1959",Revised on 01/31/2024
57,3105078105-60955-013_3105078105-60955-014,"BRE Cert 4/10/59
Processed 4/13/59",The family moved to Ravenswood Houses (public housing) in Astoria
63,3105082501-60956-001_3105082501-60956-002,"Tenant want home 1st fl. in this area. 
BRE Cert 03/19/1959. Processed 04/01/1959. 
03/25/1959 No Claim Moving. 
03/20/1959 Off Site Standard. ",Date Moved In only includes the year. Card indicated the person will relocate themselves.
73,3105086719-60957-003_3105086719-60957-004,"BRE Cert OK 4/1/59
Listings 2/5/59
4/2/59 Standard Apt. ",Unclear whether apartment 5E or 5W.
97,3105160556-60959-005_3105160556-60959-006,"BRE. Cert. 4/7/59
Listings Apr. 2 - 59",
104,3105160556-60959-019_3105160556-60959-020,"BRE Cert. 03/25/1959 
Listing March. 26-59","- For “Relationship Per. No. 3” under Family Composition, they wrote 5 dots, which I assume from the “Relationship Per. No. 2 relationship which was “daughter” and their birthday that 
- Per. No. 3 is also a daughter but I entered the 5 dots re"
110,3105160556-60959-031_3105160556-60959-032,"listing 06/04/1959, bre cert ok 06/09/1959",
111,3105160556-60959-033_3105160556-60959-034,processed bre cert ok 06/19/1959,
119,3105164959-60960-015_3105164959-60960-016,"02/16/1959 Processed 
Standard apt by BRE 02/09/1959","For no. years in site it has the date (1943), I wrote in 15 years
Family relocation plan: number of rooms required: 2.5 or 3
Family relocation plan: max 60 ren
Relocated to: both Private rental housing and tenant found are marked
On site rent discrepancy, back lists 49.40 instead of 41.40
Gas or Elec fridge question is missing, answer is Yes (on site)


"
139,3105169069-60961-015_3105169069-60961-016,"bre cert ok processed 06/08/1959, listing 06/08/1959",
141,3105169069-60961-019_3105169069-60961-020,"listing 06/19/1959, bre cert ok 06/19/1959",
146,3105169069-60961-029_3105169069-60961-030,10/07/1958 processed w/o bre cert,
148,3105170895-60962-003_3105170895-60962-004,Listing 02/06/1959. BRE Cert OK 01/28/1959,New address is possibly 74 west 8th st. Not clear.
161,3105195350-60963-009_3105195350-60963-010,"bre cert 04/07/1959 , processed 04/13/1959",
170,3105195350-60963-027_3105195350-60963-028,"listing 02/13/1959, bre cert ok 02/28/1959",
188,3105211839-60965-023_3105211839-60965-024,"Listings April 20, 59
BRE Cert April 16, 1959","Income is listed at $124 but unclear whether pension is monthly, bi weekly, or weekly"
189,3105211839-60965-025_3105211839-60965-026,"12/11/58 Refused Queensbridge
BRE Cert 4/8/59 Processed 4/14/59",
190,3105211839-60965-027_3105211839-60965-028,BRE Cert 4/6/59 Processed 4/6/59,"Apartment number also says 3A
Gas and Electric refrigerator are both checked off but doesn’t say whether it’s landlord owned or tenant owned
"
196,3105211839-60965-039_3105211839-60965-040,BRE Cert 3/17/59,"Date just has the month listed (5)
Year and country of birth for H is crossed out
Widowed is circled
"
199,3105221470-60967-005_3105221470-60967-006,"07/08/1958 Tenant wants only Manhattan 4 or 5 rooms.
08/29/1958 Tenant was offered all apts #80 Eldridge st 4mo Rent to high Refused. 
BRE Cert Ok 12/15/1958",
209,3105228825-60968-003_3105228825-60968-004,BRE Cert 03/20/1959 Processed 03/26/1959,Tenants specified they wanted to relocate in the west side between 50s and 60s streets. Date Moved In only includes the year. A lot of missing information.
211,3105228825-60968-007_3105228825-60968-008,"BRE Cert 03/29/1959 
Processed 04/01/1959",Comment in the Welfare section indicates “none”. Tenant indicated they did not want to live in Public Housing. Date Moved In only includes the year. Tenant did not pay rent on the relocation site because they were the super.
233,3105247721-60970-007_3105247721-60970-008,"BRE Cert OK 7/24/59 

Listings 7-21-59",This card was mostly empty. New monthly rent is written as 115 + 1/3 heat.
235,3105247721-60970-011_3105247721-60970-012,"Four addresses are listed in the back with date, address, room # information, and monthly rent amount. Some notes written in parenthesis are strikethrough'd and unintelligible. 

BRE Cert 4/13/59
Listings Apr-10-59","Mother is listed as the first person in the family, ""D"" as the second. D has a weekly income of $50. Not sure whether marital status of ""widowed"" applied to mother or daughter. ""D""'s information in the family composition section is strikethrough'd. "
236,3105247721-60970-013_3105247721-60970-014,"8/20/58 For Process w/o BRE Cert [initials]
BRE Cert OK 8/11/58",
246,3105255100-60971-005_3105255100-60971-006,"7 addresses listed in this section, with date, address, number of rooms, and monthly rental listed. 

Listings Aug. 26-59
BRE Cert OK 9/3/59","Marital status written as ""single"", which I marked as Other. "
249,3105255100-60971-011_3105255100-60971-012,"11/24/58 Refused - Vladeck  - Too far 
Scheduled to move into: Millbrook Hses.
3/16/59 Processed
BRE Cert 3/12/59","family of 3. head was born in Puerto Rico, wife is from Italy and daughter was born in Austria. race marked as Puerto Rican. wanted to move into public housing and moved to public housing. "
250,3105255100-60971-013_3105255100-60971-014,"12/13 Sent tenant 338 W 17th St 4 rms $65 E.G. 
Listings Mar. 4/59 
BRE Cert OK 3/9/59 ",The head of the household is legally wed but the spouse isn't listed among the family members
251,3105255100-60971-015_3105255100-60971-016,"12/9/58 Proc. w/o BRE Cert
BRE Cert OK 12/11/58",Family has been in location for less than 2 months before the date of the first interview.
263,3105257795-60972-015_3105257795-60972-016,"[stamped date] Dec 18 1958
To listings
BRE Cert OK 12/16/58",
271,3105260901-60973-007_3105260901-60973-008,"listing 02/18/1959, bre cert 02/18/1959",
274,3105260901-60973-013_3105260901-60973-014,"listing 06/22/1959, bre cert ok 05/27/1959",
275,3105260901-60973-015_3105260901-60973-016,"listing 05/11/1959, bre cert ok 05/13/1959",
277,3105260901-60973-019_3105260901-60973-020,bre cert 03/18/1959 - forwarded 03/23/1959,
278,3105260901-60973-021_3105260901-60973-022,"listing 03/10/1959, bre cert ok 03/17",
281,3105260901-60973-027_3105260901-60973-028,bre cert 03/25/1959 processed 04/01/1959,
282,3105260901-60973-029_3105260901-60973-030,"bre cert 03/25/1959, processed 04/01/1959",
284,3105271794-60974-003_3105271794-60974-004,"bre cert 03/26/1959, processed 04/01/1959",
289,3105271794-60974-013_3105271794-60974-014,"listing 03/04/1959, bre cert ok 03/09/1959",
315,3105288010-60976-005_3105288010-60976-006,"Listings May 4-59
BRE Cert OK 8/20/59",
319,3105288010-60976-013_3105288010-60976-014,BRE Cert 4/10/59 Processed 4/13/59,"Persons 3 and 4 are listed as ""D of 2""  "
320,3105288010-60976-015_3105288010-60976-016,"BRE Cert 4/1/59 
Processed 4/6/59 ",No income information is intelligible
324,3105288010-60976-023_3105288010-60976-024,"One listed address with date, address, number of rooms, and monthly rent 

BRE Cert 4/6/59
Listings Apr. 7 - 59",Person 2 is crossed out but there's no indication why.
326,3105291390-60977-003_3105291390-60977-004,"11/24/1958 processed w/o bre cert, processed 12/03",
327,3105291390-60977-005_3105291390-60977-006,"bre certification 08/18/1958 substandard, rein spection certificate ok 05/14/1959, processed 06/02/1959",
329,3105291390-60977-009_3105291390-60977-010,"listing 12/22/1958, bre cert 01/06/1959 ok",
342,3105293794-60978-005_3105293794-60978-006,"12/15/1958 Processed w/o BRE Cert
BRE Cert Substandard","In this case, where tenants indicate Area Desired is Long Island I believe they actually refer to Long Island and not Queens. Note taker checked all race categories. Date Moved In only includes the year. A lot of missing information. Little information provided of the relocated area, none of the on site location."
344,3105293794-60978-009_3105293794-60978-010,Listings 01/20/1959. BRE Cert Ok 01/30/1959.,"Not clear what tenants meant with their requirement of “two units” for Number of Rooms Required. Tenant’s desired area says “East Side”. Presumably they are referring to the East Side of Manhattan. Note taker checked all race categories. Date Moved In does not include the day. Some information for On Site, none for Relocated site. "
352,3105296384-60979-005_3105296384-60979-006,"09/30/1958 offered a location but didn't like location, 11/13/1958 processed w/o bre cert ",
353,3105296384-60979-007_3105296384-60979-008,08/20/1958 processed w/o bre cert,
354,3105296384-60979-009_3105296384-60979-010,"bre cert 03/30/1959, 02/09/1959 processed ",
358,3105296384-60979-017_3105296384-60979-018,"listing 02/10/1959, bre cert ok 02/10/1959",
359,3105296384-60979-019_3105296384-60979-020,10/07/1958 processed w/o bre cert,
360,3105296384-60979-021_3105296384-60979-022,10/27/1958 processed w/o bre cert,
361,3105296384-60979-023_3105296384-60979-024,10/27/1958 processed w/o bre cert,
365,3105296384-60979-031_3105296384-60979-032,08/21/1958 processed w/o bre cert,
366,3105298148-60980-001_3105298148-60980-002,"Listings 2/2/59
BRE Cert OK 1/30/59",On-site apartment had no heat. Sponsor found new location. All races checked.
367,3105298148-60980-003_3105298148-60980-004,"BRE Cert. 3/6/59
Listings 2/24/59 ",Subtenant; a lot of missing data. Is there another record in the same location linked to this one (the actual tenant's?)
371,3105298148-60980-011_3105298148-60980-012,"1/13/58 Processed w/o BRE Cert. 
11/10/58 BRE Cert OK",
375,3105298148-60980-019_3105298148-60980-020,"Listings - 1/20/59
2/2/59 BRE Cert OK","Family composition section did not include relationship of the four people who lived in the apartment, but employment data section indicated the employed people were the sons. "
398,3105302993-60982-013_3105302993-60982-014,"12/18/1958 Listing 
BRE Cert 01/05/1959",Note taker checked all race categories. Date Moved In only includes the year. A lot of missing information.
404,3150219515-60966-003_3150219515-60966-004,Dec 18 1958 BRE Cert OK,"Marital status: other: single
Discrepancy in length of residence. 8 yrs in site but moved in in 1955
Complete bathroom is crossed out, has separate bathroom and toilet
12 year old child in the household listed as ""friend"""
406,3150219515-60966-007_3150219515-60966-008,"Agent prefers 1717 3rd ave
11/7/58 Processed w/o BRE Cert
10/6/57 BRE Cert Ok",This card has the relocation info for the previous card.
411,3150219515-60966-017_3150219515-60966-018,"Listings Jan 06/1959
BRE Cert 01/05/1959 OK",New apt. No. says 2nd Fl
415,3150219515-60966-025_3150219515-60966-026,"BRE Cert 02/25/1959 
Processed 04/15/1959","Single
Occupation says Social Security
No date in the back of the card."
424,3150219515-60966-043_3150219515-60966-044,"Listings Apr. 07/1959
BRE Cert 04/08/1959",Separated.
426,3195236545-60983-003_3195236545-60983-004,12/9/58 Proc. w/o BRE Cert,All races checkmarked.
428,3195236545-60983-007_3195236545-60983-008,"9/29/58 4 rms 155 W 106 @ $60 
12/15/58 Processed w/o BRE Cert
BRE Cert 12/23/68 OK",Family of 4; place of birth is the Dominican Republic. Race check-marked as Puerto Rican but also Dominican is written and crossed over.
432,3195236545-60983-015_3195236545-60983-016,"12/9/58 Processed w/o BRE Cert
BRE Cert OK 12/1/58",Person 1 is retired. No income reported. Income source section was left blank.
436,3195236545-60983-023_3195236545-60983-024,10/20/1958 Processed w/o BRE Cert.,All races checked.
438,3195263566-61020-001_3195263566-61020-002,bre cert 02/24/1959 processed 04/15/1959,
445,3195263566-61020-015_3195263566-61020-016,11/20/1958 processed w/o bre cert,
478,3195364380-61052-005_3195364380-61052-006,"12/03/1958 BRE Cert Substandard 
Overcrowded, No Private Bath or Toilet
Dec 10 1958","Note that Rental is Certified
Income Person 1 is Welfare"
480,3195364380-61052-009_3195364380-61052-010,"BRE Certification- 09/10/1958 Substandard (overcrowded)
11/19/1958 Processed","Person 2 is a Housewife
Weekly rental is 24.00 for the new address."
481,3195364380-61052-011_3195364380-61052-012,"BRE Cert substandard No Private Bath, No Private Toilet, overcrowded 11/17/1958","Weekly rental is 15.00 for the original address. 
Weekly rental is 19.00 for the new address."
499,3195364380-61052-047_3195364380-61052-048,"11/07/1958 Processed w/o BRE Cert
Proc. 12/03","Weekly rental is 17.00 for the original address. 
Rent range is 18.00 a week."
500,3195364380-61052-049_3195364380-61052-050,"10/27/1958 Processed w/o BRE Cert
10/15/1958 BRE Cert OK","Weekly rental is 15.00 for the original address. 
Person 1 is Unemployed, Note: “Separated since 1956”
Welfare Amount is 16.45 every 2 weeks."
501,3195364380-61052-051_3195364380-61052-052,"Originally moved to 1965 Broadway Marie Antoinette Hotel Apt 706
BRE Cert 08/08/1958 Substandard
BRE Cert 08/18/1958 OK for 1980 Union Park Road Bronx
11/19/1958 Processed","Weekly rental is 25.00 for the original address. 
Person 1 is Unemployed.
No date in the back of the card. 
New apt. No. says 1st Fl
New rent is Free"
502,3195364380-61052-053_3195364380-61052-054,10/05/1958 Processed w/o BRE Cert,"Weekly rental is 12.75 for the original address.
Person 2 “Applied for D/W”
Widowed."
510,3195368322-61081-013_3195368322-61081-014,,Rent on site was paid weekly. Tenants moved into Amsterdam Houses Public Housing unit. Moving Expense contains “(BRE)” next to the amount. All other back card information is missing.
512,3195368322-61081-017_3195368322-61081-018,"10/27/1958 Processed BRE Cert
Family was moved over to 126 W 65st by the former leaser prior to our taking of building (early April '58). ",This family might be members of the same family as in the previous record.
513,3195368322-61081-019_3195368322-61081-020,10/27/1958 Processed (BRE Cert 09/30/58),On site rent was paid weekly. Relocation rent paid weekly. All other information except for the address is missing.
526,3195374663-61114-003_3195374663-61114-004,"03/18/1959, proc. bre 03/06/1959, to payment: 03/19/1959, cent. to sponsor: 03/18/1959, no moving affidavit: 03/09/1959",
551,3262901080-60985-009_3262901080-60985-010,03/02/1959:processed and 04/06/1959: processed. bre cert: 02/10/1959,
563,3262901378-60986-003_3262901378-60986-004,08/20/1958 processed w/o bre cert,
567,3262901378-60986-011_3262901378-60986-012,bre cert 03/20/1959 processed 03/26/1959,
570,3262901378-60986-017_3262901378-60986-018,"listing 06/01/1959, bre cert 06/03/1959",
572,3262901378-60986-021_3262901378-60986-022,bre cert 03/30/1959,
573,3262901378-60986-023_3262901378-60986-024,"bre cert 03/24/1959, processed 03/26/1959",
578,3262901700-60987-001_3262901700-60987-002,08/21/1958 For Process w/o BRE Cert.,Below investigator name it says: LE-S-4200
579,3262901700-60987-003_3262901700-60987-004,"11/26/1958 BRE Cert. Substandard overcrowded
12/10/1958 Processed","In the year of birth they wrote down their ages instead. I inputted when I thought they were born. 
H- 38, W- 36, S- 13, S- 11, S- 8, D-6, D-3, D-1 year and 3 months, D- 20 days
Hard to read the Welfare Investigator’s name. I wrote M. Glover.

In the Cooking & Refrig. Facilities section, Elec. range is crossed out.
There is a note that says the landlord took the refrigerator from the apartment."
580,3262901700-60987-005_3262901700-60987-006,"Listings May 25, 1959
BRE Cert. OK 05/29/1959","“No” is written on Heat, Gas, Electricity."
581,3262901700-60987-007_3262901700-60987-008,"08/18/1958 BRE Certification Substandard - No cent heat- Interior Bedrooms.
12/01/1959- Hab ceando stated family 5.7 p now 6 persons 4 children + 2 Adults
Reprocessed 12/18/1959","In the New Address line, two addresses are indicated. 
First address has 2 Apartments, 3 Room Free-Rent in the second Address.
Unknown-Abandoned is crossed out from the same line.
Additional address written in blue 
754 E. 152 St, E. Bt. 3 Apt #9
Rent written as $54.00
Can’t understand some of the additional information. "
583,3262901700-60987-011_3262901700-60987-012,"BRE Cert 03/30/1959
Processed 04/02/1959","Marital status has a note that states Single
No date in the back of the card"
584,3262901700-60987-013_3262901700-60987-014,"BRE Cert- 02/11/1959
Listings 02/25/1959","Weekly/monthly income indicated as Welfare, I included it as it was written.
Seperated is circled in marital status. 
Date moved in indicated as “1 year”"
585,3262901700-60987-015_3262901700-60987-016,"BRE Cert 03/25/1959
Listings 04/14/1959","22.00 indicated as being “from husband”
Income said to be Welfare
In Welfare Assistance there is a note that says “15 days” "
586,3262901700-60987-017_3262901700-60987-018,"Tenant offered 41 ms @ 55.00- b16 W 135th St. 05/01/1958
Accepted 05/01/1958
BRE Cert 05/28/1958","In weekly income for the second person, I can’t understand what is written, “Odemp”
For the third person, “Home” is written in weekly income
Marital status is separated, as well as not legally wed. "
588,3262901700-60987-021_3262901700-60987-022,Sub Tenant- Authorized by BRE,"No date
Date of first interview only marked as “10”"
597,3262902027-60988-003_3262902027-60988-004,"BRE Cert Substandard (No Central Heat) 01/20/1959
01/27/1959 Processed 
09/10/959 Sent new application for house payment pending heat installation in or before 11/15/1959
09/25/1959 Received news application for bonus ",All race categories were selected. No information on the relocation site.
601,3262902027-60988-011_3262902027-60988-012,"1463 Hoe Ave Bx 5 @ 58.00 (Refused)
03/04/1959 117 Judlaw st 5 @ 62.95 (refused only one closet)
Listing Apr. 7-1959 BRE Cert 04/15/1959",All Race categories were checked but it is evident the original check was on White. Date Moved In only includes the year. A lot of information is missing.
602,3262902027-60988-013_3262902027-60988-014,"BRE Cert 03/24/1959 
Listing Mar. 23/1959",Line across the welfare section. All Race categories checked. Clear Puerto Rican was checked differently. No relocation site information.
612,3262902338-60989-013_3262902338-60989-014,"04/11/1958: liability notice (policy playing), 03/13/1959: 3317 3rd ave 5 @ 40.00 (tenant refused), 03/23/1959: 938 e 163 st 5 @ 59.36, listing: 04/08/1959- bre 04/13/1959",
613,3262902338-60989-015_3262902338-60989-016,"03/24: 233 chester st Brooklyn ny 5R 55.00, 03/24: 18 spencer st Brooklyn 5 75.00, 05/07/1959: listings, bre 05/07/1959",
625,3262902617-60990-009_3262902617-60990-010,11/06/1958. 12/10/1958 listing bre cert,
629,3262902617-60990-017_3262902617-60990-018,"processed 07/16/1959, listing 05/25/1959, bre cert 05/22/1959, old address 120 w 64th st #9 + 10, 04/20 ",
631,3262902617-60990-021_3262902617-60990-022,"listing 04/ 20/1959, bre cert 05/12/1959",
632,3262902861-60991-001_3262902861-60991-002,11/20/1958 processed w/o bre cert,
638,3262902861-60991-013_3262902861-60991-014,"listing 03/17/1959, 03/24/1959 bre cert ",
642,3262902861-60991-021_3262902861-60991-022,11/16/1958 bre cert ok,
645,3262905290-60992-001_3262905290-60992-002,"02/27/1959 535 Dean St Brooklyn 5 @ 64.48 (landlord withdrew healthcare from tenant) 
04/14/1959 Madison Ave 5 @ 34. 50 + 45%
BRE Cert OK 05/12/1959",Note that 1 and 3 are employed
651,3262905290-60992-013_3262905290-60992-014,"11/26/1958 Processed w/o BRE Cert
BRE Cert. OK 11/17/1958",
652,3262905290-60992-015_3262905290-60992-016,"03/11/1959 304 & 118 M 3 @ 40.08 (refused)
Processed 05/04/1959- unknown at above address 
Reprocessed 05/07/1959 BRE Cert 05/07/1959 OK",9.50 a week in monthly rent (back of card)
654,3262905290-60992-019_3262905290-60992-020,"01/20/1959 @ Listings
BRE Cert. OK 11/19/1959",
659,3262905290-60992-029_3262905290-60992-030,,"Income Social Security
Widowed
Moving expenses note: 44.00 BRE"
663,3262905290-60992-037_3262905290-60992-038,"Listings 12/22/1958
BRE Cert OK 12/01/1958",
664,3262905511-60993-001_3262905511-60993-002,"12/2 Refused Wagner - Will only Accept Amsterdam
BRE Cert 04/14/1959 - Processed 04/15/1959",Son is in the Air Force. All Race categories were checked. White is clearly checked differently. Date Moved In only includes the year. Tenants moved to Amsterdam Public Housing.
670,3262905663-60994-005_3262905663-60994-006,08/21/1958 For Process n/o BRE Cert,Tenants moved to Amsterdam Houses.
676,3262905663-60994-017_3262905663-60994-018,Listings 02/05/1959  BRE Cert OK 02/10/1959,"In the Race category, all race categories were checked. It is clear from the type of mark that White was the original selection.
Date Moved In only includes the year."
678,3262906641-60995-003_3262906641-60995-004,"A number of location were evaluated. 
02/06/1959 Permission t evict requested.   
BRE Cert Ok 07/14/1959","There is a comment above the Parcel number that is not clear. 
Person 3 in the Family Composition section has a line scratching them out. Not sure what it means. 
All Race categories were selected in the Race section. It is clear tenants were checked originally as Puerto Rican. 
Tenants are on welfare. "
683,3262906641-60995-013_3262906641-60995-014,BRE Cert 04/06/1959 - Processed 04/09/1959 - Out of Town,"Not clear on structure of Family Composition. 
Comment in the Welfare section indicates none was received. 
In the Race category, all race categories were checked. It is clear from the type of mark that White was the original selection.
Checkmark for Citizen Status was done next to the title and not one of the responses. 
Person #1 is widowed. 
Comment in the Moving Expense section indicates that none was given."
692,3262906930-60996-015_3262906930-60996-016,11/24/1958 Proessed w/o BRE Cert,"There is a comment in the Family Composition section next to the last available slot that indicates “Over”, suggesting there might be more individuals in the household but no further information is provided. 
No information in the back of card.
Tenant relocation was processed without BRE Certification."
693,3262907180-60997-001_3262907180-60997-002,BRE Cert Ok 07/14/1959 Listings 07/08/1959,No relocation data in the back card.
696,3262907180-60997-007_3262907180-60997-008,BRE Cert 03/16/1959 - for payment 03/19/1959,Tenant is widowed. No information in the back card.
698,3262907180-60997-011_3262907180-60997-012,BRE Cert Ok 01/21/1959,Comment in the Welfare section that indicates “none”. Date Moved In only includes the year. No relocation information in the back card.
700,3262907180-60997-015_3262907180-60997-016,"Listing 02/11/1959
BRE Cert Ok 02/18/1959",No information in the back card.
704,3262907343-60998-007_3262907343-60998-008,"BRE Cert Ok 05/12/1959  
Listings 05/11/1959",Date Moved In only includes the year. No relocation information in the back card.
705,3262907343-60998-009_3262907343-60998-010,BRE Cert 02/24/1959 Listings 02/13/1959,No information in the back card.
707,3262907343-60998-013_3262907343-60998-014,BRE Cert 03/11/1959 - Forwarded to P.S. 03/18/1959,Date Moved In only includes the year. No relocation information in the back card.
714,3262908386-60999-009_3262908386-60999-010,Listings 04/21/1959 BRE Cert Ok 04/24/1959,No relocation information in the back card.
720,3262908556-60100-001_3262908556-60100-002,10/20/1958 Processed w/o BRE Cert,No relocation information in the back card.
724,3262908556-60100-009_3262908556-60100-010,"Listings 03/04/1959
BRE Cert Ok 03/09/1959","Comment in the Welfare section indicates “none”. 
Occupation and Employment information is unclear. 
No relocation information in the back card."
725,3262908556-60100-011_3262908556-60100-012,"BRE Cert 03/05/1959
Processed 05/16/1959 ","Head was a Housewife. Received income from Social Security. 
Person #3 received income from unemployment. 
Date Moved In only includes the year. 
No relocation information in the back card."
727,3262908556-60100-015_3262908556-60100-016,Listings 01/05/1959 BRE Cert 01/05/1959 OK,"Person #3 worked part time. No indication of income. 
Only persons 2 and 3 are citizens.
Some relocation information included."
740,3262908917-60102-003_3262908917-60102-004,"BRE Cert Ok 04/14/1959
Listings 03/03/1959",A lot of missing information on the back card.
741,3262911388-61003-001_3262911388-61003-002,"02/04/1959 processed w/o bre cert, 02/03/1959 bre cert substandard ",
742,3262911388-61003-003_3262911388-61003-004,"listing 06/26/1959, bre cert ok 05/18/1959",
743,3262911388-61003-005_3262911388-61003-006,"offered different apps, listing 06/28/1959, bre cert ok 05/18/1959",
744,3262911388-61003-007_3262911388-61003-008,"different apts offered, listing 06/21/1959, bre cert ok 05.18.1959",
745,3262911388-61003-009_3262911388-61003-010,"listing 06/01/1959, bre cert ok 05/18/1959",
747,3262911388-61003-013_3262911388-61003-014,"10/23/1958 bre cert, processed 11/26/1958",
749,3262911388-61003-017_3262911388-61003-018,"bre cert 03/30/1959, listing 03/25/1959",
751,3262911388-61003-021_3262911388-61003-022,"listing 04/09/1959, bre cert ok 03/26/1959",
753,3262911388-61003-025_3262911388-61003-026,"multiple apps offered, listing 06/12/1959, bre cert ok 06/09/1959",
756,3262911388-61003-031_3262911388-61003-032,"11/26/1958 bre cert, stamped 12/10/1958",
762,3262911615-61004-011_3262911615-61004-012,"11/24/1958 Processed w/o BRE cert
10/21/1958 BRE Cert",
763,3262911615-61004-013_3262911615-61004-014,"Processed 10/29/1958 (BRE Cert s/standard 09/23/1957) 
Reported Twice (#10 #N5) ni error. 
11/07/1958 Mrs Harrison came in- R5 S/S offsite apt- ",Note that there is “No refrigerator”
769,3262911615-61004-025_3262911615-61004-026,"11/03/1958 Processed w/o BRE Cert.
10/15/1958 BRE Cert OK","Note in investigator’s name: 124F
Note in family relocation plan: “ AD4-6/5(1-31) 15, 930826 Nov. 7’57"
775,3262911615-61004-037_3262911615-61004-038,08/21/1958 For Process w/o BRE Cert,
781,3262911802-61005-001_3262911802-61005-002,"Listings 05/20/1959
BRE Cert OK 05/11/1959","Monthly rent was in fact Weekly. Note on section indicates monthly rent was 73.66 on 06/01/1958.
Persons number 3 and 4 have lines scratched over them. Meaning unclear. 
Person 3 was married. Line might mean the person moved. 
Comment in the Welfare section indicates “none”.
Original address was deleted for a new one included in the data entry. 
Relocated data may not relate to the address indicated in the record. See colors of the ink written. Discuss later. 
There is a $400 comment in the Additional Information section. Might relate to the Financial Assistance received. "
782,3262911802-61005-003_3262911802-61005-004,BRE Certified 03/11/1959 For payment 03/19/1959,"Comment on top of record indicates this is ""Second Copy"".
Second comment indicates ""Lincoln Center Occupied by landlord"".
A lot of missing information."
784,3262911802-61005-007_3262911802-61005-008,Wife + 4 children. Listings 01/23/1959. BRE Cert ok 01/23/1959.,"Comment in the Additional Information section indicates ""wife plus four children"". Not clear why. "
785,3262911802-61005-009_3262911802-61005-010,05/09/1958 Info gathered from social worker of Roosevelt Hospital,"Tenant lived in the rear of the store. 
Rent was paid weekly.
Persons 1 and 2 were employed. 
Comment next to Moving Expense says “BRE”.
Missing relocation information. 
Interesting that information was gathered from a social worker at the hospital."
787,3262911802-61005-013_3262911802-61005-014,"Listings 01/12/1959
BRE Cert Ok 01/25/1959",Missing relocation information.
788,3262912784-61006-001_3262912784-61006-002,"BRE Cert 03/16/1959
Listing 03/09/1959",No relocation information.
790,3262912784-61006-005_3262912784-61006-006,"BRE Cert 03/11/1959 Processed 04/09/1959
Reprocessed 05/12/1959","Comment in the Welfare section indicates “none”. 
Comment in the relocation section indicates tenants were planning to move to NJ. 
No relocation information. 
Interestingly, the record was reprocessed. No comment as to why this happened."
793,3262912784-61006-011_3262912784-61006-012,Listings 03/09/1959 BRE Cert 04/13/1959,No information in the back card.
795,3262912784-61006-015_3262912784-61006-016,"(Park West Village) Will move 02/04/1959
BRE Cert Ok 
02/17/1959 Processed","Person #2’s income is from Social Security.
Tenants requested relocation was not to a Walk up or Ground floor.
No relocation information in the back card."
799,3262913099-61007-003_3262913099-61007-004,"Listing 04/09/1959 
BRE Cert 03/25/1959 Ok","Person #1 is on welfare.
Comment in the welfare section indicates 15 dyas. Not sure if this refers to the person receiving checks every 15 days.
No relocation information in the back card."
800,3262913099-61007-005_3262913099-61007-006,"Listings 03/16/1959
BRE Cert OK 03/17/1959",No relocation information in the back card.
805,3262913099-61007-015_3262913099-61007-016,"Listings 02/17/1959
BRE Cert OK 02/17/1959",Comment in the welfare section indicates “none”. No information in the back card.
807,3262913099-61007-019_3262913099-61007-020,"Tenant has very bad heart condition. He must have Gr. Fl. Apt. 
06/05/1958 Mr. Dutcher is in NY State Veterans Hospital, Mt. McGregor NY.
BRE Cert 03/25/1959 Processed 04/01/1959.","Income is from pension.
Tenant requested a max of 50.00 for rent.
Tenant requested a Ground Floor.
No relocation information in the back card."
809,3262913528-61008-001_3262913528-61008-002,listing bre cert: 06/11/1959,
811,3262913528-61008-005_3262913528-61008-006,"03/09/1959: 324 W 96 St 5 @ 76.00 refused, bre cert 04/16/1959, processed 04/20/1959",
812,3262913528-61008-007_3262913528-61008-008,"bre cert 12/02/1958, processed 02/17/1959",
814,3262913528-61008-011_3262913528-61008-012,"bre cert ok 02/13/1959, listing 03/10/1959",
815,3262913528-61008-013_3262913528-61008-014,"bre cert: 04/06/1959, processed: 04/08/1959",
822,3262913967-61009-001_3262913967-61009-002,Listing 08/11/1959  BRE Cert OK 08/02/1959,No relocation information on the back card.
825,3262913967-61009-007_3262913967-61009-008,BRE Cert 03/13/1959,A lot of information is missing in the back card.
826,3262913967-61009-009_3262913967-61009-010,BRE Cert 03/23/1959 Listings 03/9/1959,A lot of missing information on the back card.
827,3262913967-61009-011_3262913967-61009-012,BRE CErt 01/12/1959,"Comment next to person #1: “Husband in Service. Alimony - Fed. Govt.”.
Part of tenants income was from Alimony.
A lot of information is missing on the back card."
830,3262913967-61009-017_3262913967-61009-018,11/13/1958 Processed W/O BRE Cert,I believe that the information for Relocated site in the Apartment Characteristics section refers to a location that is not the final destination of the tenant per the information provided at the top of the card.
831,3262913967-61009-019_3262913967-61009-020,BRE Cert Ok 04/22/1959  Listings 03/20/1959,A lot of missing information in the back card.
832,3262913967-61009-021_3262913967-61009-022,Listings 01/16/1959  BRE Cert Ok 01/13/1959,A lot of missing information in the back card.
837,3262914236-61010-009_3262914236-61010-010,bre certification substandard (toilet in hall),
838,3262914236-61010-011_3262914236-61010-012,10/27/1958 processed w/o bre cert,
912,3262921798-61019-001_3262921798-61019-002,08/20/1958 in process w/o BRE Cert,"Rent was paid weekly.
Person 1 received social security. Person 2 was on welfare.
A lot of missing information."
914,3262921798-61019-005_3262921798-61019-006,"05/27/1958 Picked up by police for policy playing
BRE Cert 11/24/1959   Processed 04/20/1959","Rent was paid weekly.
A lot of information missing.
Relocation area rent was paid weekly."
950,3458100579-61040-001_3458100579-61040-002,11/03/1958 Processed w/o BRE Cert.,"Family’s information was crossed off. 
Weekly rental is 32.00
Note indicating they moved to a motel."
970,3458100579-61040-041_3458100579-61040-042,,"Weekly rental 13.00 in the original address. 
Note in Moving Expense: “25.00 (BRE)”"
991,3458102587-61042-025_3458102587-61042-026,10/26/1958 processed w/o bre cert,
998,3458103019-61041-007_3458103019-61041-008,"listing: 12/19/1958, bre cert ok:12/04/1958",
1042,3458104222-61036-005_3458104222-61036-006,"10/27/1958 - processed w/o bre cert,  11/03/1958- bre cert ",
1044,3458104222-61036-009_3458104222-61036-010,08/15/1958-5/5-overcrowded- bre certification,
1054,3458104431-61035-001_3458104431-61035-002,08/21/1958 process w/o bre cert,
1057,3458104431-61035-007_3458104431-61035-008,08/20/1958 process w/o bre cert,
1074,3458104715-61034-011_3458104715-61034-012,10/20/1958 processed w/o bre cert,
1095,3458105308-61032-001_3458105308-61032-002,"02/11/1959 processed, 03/04/1959 bre cert ok, 09/03/1959 processed ",
1108,3458105558-61030-003_3458105558-61030-004,"08/06/1958 expects to vacate, 08/18/1958 to new job at 882 3rd ave as supt, bre cert 09/22/1958, 10/06/1958 processed ",
1126,3458105764-61029-005_3458105764-61029-006,10/20/1958 Processed w/o BRE Cert,"It seems that tenant was initially thought to be the super but then was noter as working for TV.
Tenant was super at the relocation site."
1133,3458106011-61028-005_3458106011-61028-006,"11/03/1958 Processed w/o BRE Cert
11/06/1958 BRE Cert Ok",
1138,3458106011-61028-015_3458106011-61028-016,08/20/1958 Processed w/o BRE Cert,Answers given in Housing Condition section do not match Move Out Data
1140,3458106474-61027-003_3458106474-61027-004,10/20/1958 Processed w/o BRE Cert,
1178,3458107841-61025-031_3458107841-61025-032,12/09/1958 processed w/o bre cert,
1180,3458108834-61044-003_3458108834-61044-004,11/19/1958 processed w/o bre cert,
1185,3458108834-61044-013_3458108834-61044-014,10/27/1958 processed w/o bre cert,
1190,3458109121-61045-001_3458109121-61045-002,11/24/1958 processed bre cert,
1203,3458109563-61046-003_3458109563-61046-004,11/20/1958 processed w/o bre cert,
1208,3458109563-61046-013_3458109563-61046-014,"listing 12/19/1958, bre cert ok 12/23/1958",
1209,3458109563-61046-015_3458109563-61046-016,"11/24/1958 processed w/o bre cert, 10/29/1958 bre cert ok ",
1234,3458110245-61048-001_3458110245-61048-002,"bre cert 02/24/1959, processed 4/15/1959",
1241,3458110245-61048-015_3458110245-61048-016,12/15/1958 processed w/ bre cert,
1246,3458110635-61049-003_3458110635-61049-004,BRE Cert. 14/07/1959 Processed 04/14/1959,Weekly rent is 18.00 for the original address.
1251,3458110635-61049-013_3458110635-61049-014,BRE Cert 04/01/1959 Processed 04/01/1959,"Weekly rental is 18.00 for the original address. 
Date hard to understand in the back of the card."
1261,3458110635-61049-033_3458110635-61049-034,"BRE Cert- Sub-Standard- No Private Bath+overcrowded
Processed 04/08/1959
Family claimed to have vacated to new location 449 W 125 St NYC c/o 
BRE Cert- unknown 04/28/1959 @ 449 W 125 St
'' '' '' 05/26/1959 @ '' '' '' on re inspection ","Weekly rental is 21.00 for original address. 
Income for person 2 note is Welfare
Welfare received says “None”
Note in new Address: “(Also substandard- overcrowded)”
“? Mr. Donald”"
1263,3458110635-61049-037_3458110635-61049-038,BRE Cert 04/02/1959 Processed 04/02/1959,"No date in the front of the card.
Weekly rental is 35.00 for original address.
New address hard to understand.
Note in monthly rent hard to understand: “Put Home”"
1264,3458110635-61049-039_3458110635-61049-040,"09/03/1958 info gotten from (BRE)
BRE Cert 04/01/1959 Processed 04/01/1959","Weekly rental is 18.00 for the original address.
Seperated"
1265,3458110635-61049-041_3458110635-61049-042,Processed 05/14/1959,"No M.O.
Weekly rental is 22.00 for the original address. 
Weekly rental is 24.00 for new address.
Note in Moving Expenses: “46.50 (BRE)”"
1267,3458110635-61049-045_3458110635-61049-046,"BRE Cert 03/18/1959
Listings 03/20/1959","Weekly rental is 16.00 for the original address. 
Welfare is “semi mo”
Seperated"
1269,3458110635-61049-049_3458110635-61049-050,BRE 04/06/1959 Processed 04/06/1959,Weekly rental is 18.00 for the original address.
1270,3458110635-61049-051_3458110635-61049-052,BRE Cert 03/21/1959 Processed 04/06/1959,"Weekly rental is 22.00 for the original address. 
No family information."
1271,3458110635-61049-053_3458110635-61049-054,BRE Cert 03/31/1959 Processed 04/06/1959,
1272,3458110635-61049-055_3458110635-61049-056,"03/30/1959 Processed
BRE Cert OK 03/24/1959","Weekly rental is 35.00 for the original address. 
Weekly rental is 40.00 for the new address.
Can’t understand the last note in Additional Information."
1273,3458110635-61049-057_3458110635-61049-058,BRE Cert 03/25/1959,"No M.O.
Note in Family Composition: “Moved”
Welfare Assistance note: “Chauncey Mary”"
1274,3458110635-61049-059_3458110635-61049-060,BRE Cert 03/22/1959 Processed 03/26/1959,Weekly rental is 18.00 for original address.
1277,3458110635-61049-065_3458110635-61049-066,"Croy- BRE 02/04/1959
03/02/1959 Processed","Family years of birth are ages, instead of dates. 
W- 18 (1940), D- 3 (1955), S- 1 (1957)
Note in Relocated to: Public Housing, “Mr Grant”"
1278,3458110635-61049-067_3458110635-61049-068,"Listings 02/27/1959
03/02/1959 BRE Cert OK","Weekly rental is 16.00 for the original address. 
Income is Welfare"
1286,3458110635-61049-083_3458110635-61049-084,10/20/1958 Processed N/O BRE Cert,"Weekly rental is 22.90 for original address. 
Life in city."
1295,3458110635-61049-101_3458110635-61049-102,"BRE Cert 03/25/1959
Listings Mar. 25-59",Note at the top of the card: “Second copy”
1296,3458110635-61049-103_3458110635-61049-104,"BRE Cert 03/23/1959
Listings Mar-25-59","Weekly rental is 16.00 for the original address.
Income Person 1 is Welfare"
1297,3458110635-61049-105_3458110635-61049-106,BRE Cert 02/24/1959 Processed 03/26/1959,Monthly rental is “Free supt”
1298,3458110635-61049-107_3458110635-61049-108,"BRE Cert Substandard- No Private Bath- toilet- overcrowded) 03/23/1959
03/30/1959 Processed","Weekly rental is 22.00 for the original address. 
No family information, but Income says Welfare. 
Weekly rental is 24.10 for the new address."
1299,3458110635-61049-109_3458110635-61049-110,"03/30/1959 Processed
BRE Cert OK 03/16/1959","Weekly rental is 16.00 for the original address.
Note in the back of the card: “Margaret Jamison”
No date in the back of the card."
1305,3458110635-61049-121_3458110635-61049-122,BRE Cert 04/03/1959 Processed 04/13/1959,"Weekly rental is 17.00 for the new address. 
No family information."
1306,3458110635-61049-123_3458110635-61049-124,BRE Cert 04/04/1959 Processed 04/13/1959,Weekly rental is 25.00 for the new address.
1307,3458110635-61049-125_3458110635-61049-126,BRE Cert 04/03/1959- Processed 04/13/1959,Weekly rental is 24.00 for the original address.
1308,3458110635-61049-127_3458110635-61049-128,BRE Cert 04/03/1959 Processed 04/13/1959,"Weekly rental is 16.00 for the original address. 
No family information."
1309,3458110635-61049-129_3458110635-61049-130,"BRE Cert 04/03/1959 Processed 04/13/1959
Reprocessed- Mo#1260 Revised 05/26/1959","Weekly rental is 17.00 for the original address.
Can’t understand Second Person relationship
Weekly rent is 15.00 for the new address."
1312,3458129566-61050-001_3458129566-61050-002,BRE Cert 04/03/1959 Processed 04/08/1959,Weekly rental is 15.00 for the original address.
1313,3458129566-61050-003_3458129566-61050-004,"BRE Cert 03/25/1959
Listings 03/02/1959",Weekly rental is 30.00 for the original address.
1314,3458129566-61050-005_3458129566-61050-006,"Listings 12/19/1958
BRE Cert 12/16/1958",
1316,3458129566-61050-009_3458129566-61050-010,BRE Cert OK 05/29/1959,"No date in the front of the card. 
Person 1 Income is Welfare
Note: “I.S. #75”"
1318,3458129566-61050-013_3458129566-61050-014,"04/01/1959 1042 Lafayette 
04/02/1959 ... 6 @ 1207
05/04 64 Monroe St. 37 @ 110-
Listing May 27/1959
BRE Cert OK 05/05/1959","Weekly rent is 30.00 for the original address. 
Income is welfare"
1319,3458129566-61050-015_3458129566-61050-016,"03/03/1959- 149-05-130 Ave 4@100-
05/04 735 Gates Ave 5 @ 110-
05/05 Agent-Cramer 5-
Listings May 27/1959
BRE Cert OK- May 27/1959",Weekly rental is 32.00 for the original address.
1321,3458129566-61050-019_3458129566-61050-020,"01/26/1959 BRE Cert. substandard- overcrowded
02/09/1959 Processed","No M.O. 
Semi monthly rental of 69.35
Person 1 and 2 income is Welfare
Welfare Assistance note: “308.00 + 50.00 for sick”
Seperated"
1322,3458129566-61050-021_3458129566-61050-022,BRE Cert 03/26/1959,"Weekly rental is 34.00 for the original address. 
Separated"
1323,3458129566-61050-023_3458129566-61050-024,"Listing, 03/20/1959 BRE Cert 03/17/1959",Income is Welfare
1327,3458129566-61050-031_3458129566-61050-032,"01/21/1959 BRE Cert substandard- overcrowded 
12/09/1959 Processed","Weekly rental is 30.00 for the original address.
Weekly rent for new address is 26.00"
1328,3458129566-61050-033_3458129566-61050-034,05/15/1958 BRE inspection substandard,Weekly rental is 30.00 for the original address.
1329,3458129566-61050-035_3458129566-61050-036,BRE Cert 03/05/1959- Processed 04/13/1959,Weekly rental is 30.00 for the original address.
1330,3458129566-61050-037_3458129566-61050-038,BRE Cert 03/09/1959- Processed 04/15/1959,"Weekly rental is 30.00 for the original address. 
Weekly rent is 19.50 for the new address."
1331,3458129566-61050-039_3458129566-61050-040,"BRE Cert 04/03/1959
Processed 04/13/1959",Weekly rental is 32.00 for the original address.
1333,3458129566-61050-043_3458129566-61050-044,BRE Cert. 04/03/1959 Processed 04/08/1959,
1335,3458129566-61050-047_3458129566-61050-048,,"Weekly rental is 30.00 for the original address. 
Note in Moving Expense: “70.00 (BRE)”"
1336,3458129566-61050-049_3458129566-61050-050,"List of addresses. Listings May 19/1959
BRE Cert. OK 05/05/1959","Weekly rental is 30.00 for the original address.
A few people crossed off the Family Composition list. 
Person 1 Income is Welfare
Notes in Welfare: “Eartha Frerson” “(06/17/1958- Le542500” “Unit F”"
1337,3458129566-61050-051_3458129566-61050-052,"04/02/1959 821 E 179 St 3 @ 46.50
Listings May 01/1959
BRE Cert. OK 04/30/1959",Weekly rental is 16.00 for the original address.
1347,3568895288-61053-009_3568895288-61053-010,"12/09/1958 Processed
BRE Cert Substandard 
Revised m/o 01/14/1959 Processed",Weekly rental is 12.00 for the original address.
1350,3568895288-61053-015_3568895288-61053-016,10/07/1958 Processed w/o BRE Cert,"Weekly rental is 10.22 for the original address. 
Income for Person 1 is Welfare
Note in Length of Residence: “Verified MIss Paterson Dept of Welfare 69th Street”"
1351,3568895288-61053-017_3568895288-61053-018,"Tenant was shown 8 apartments. 
10/20/1958 Processed w/o BRE Cert.","Weekly rental is 17.00 for the original address. 
Separated"
1352,3568895288-61053-019_3568895288-61053-020,"11/05/1958 Processed w/o BRE Cert
10/28/1958 BRE Cert OK","Weekly rental is 10.00 for the original address. 
Person 1 is Unemployed"
1362,3568895561-61054-003_3568895561-61054-004,"bre cert 04/13/1959 substandard no heat, processed 04/20/1959",
1364,3568895561-61054-007_3568895561-61054-008,"listing 08/21/1959, bre cer ok 08/19/1959, offered multiple addresses  ",
1367,3568895561-61054-013_3568895561-61054-014,"bre cert 04/13/1959, processed 04/13/1959",
1370,3568895561-61054-019_3568895561-61054-020,"bre cert 02/24/1959, listing 02/20/1959",
1371,3568895561-61054-021_3568895561-61054-022,"bre cert 03/27/1959, listing 03/26/1959",
1374,3568895561-61054-027_3568895561-61054-028,"listing 05/08/1959, bre cert ok 05/04/1959",
1375,3568895561-61054-029_3568895561-61054-030,bre cert 03/11/1959 - forwarded 03/23/1959,
1377,3568896225-61055-001_3568896225-61055-002,"04/16 303 W 111th 4 @ 54 + 15%
04/20 547 Amsterdam Ave 3@ 31.75
Listings May 15/1959
BRE Cert Ok 05/25/1959",Person 2 is a Housewife
1385,3568896225-61055-017_3568896225-61055-018,"Moved from 126 W 65 St 1st floor and 95 Amst. Ave 12/03/1958 
BRE Cert 04/01/1959","Stamp: “Emergency Move Intra-site Transfer”
Note in the back of the card: “Evicted Non-Payment”"
1388,3568896225-61055-023_3568896225-61055-024,"03/18/1959 
BRE Cert 03/09/1959",Person 2 is a Housewife
1392,3568896225-61055-031_3568896225-61055-032,"BRE Cert OK 04/23/1959
Listings Apr. 24/1959",
1395,3568896225-61055-037_3568896225-61055-038,,Moving Expenses says “100.00 BRE”
1397,3568897909-61056-001_3568897909-61056-002,"bre cert 04/08/1959 processed 04/13/1959, multiple addresses offered ",
1400,3568897909-61056-007_3568897909-61056-008,"listing 04/24/1959 bre cert ok 05/05/1959, multiple addresses offered ",
1402,3568897909-61056-011_3568897909-61056-012,"listing 06/01/1959 bre cert ok 04/27/1959, multiple addresses offered ",
1406,3568897909-61056-019_3568897909-61056-020,"02/05/1959 bre cert substandard, 02/09/1959 processed",
1409,3568897909-61056-025_3568897909-61056-026,"listing 06/08/1959 bre cert ok 05/11/1959, address offered 03/06/1959 2350 Roger ave 2 @ 55.00",
1412,3568897909-61056-031_3568897909-61056-032,"bre cert ok 08/04/1959 listing, multiple addresses offered ",
1413,3568897909-61056-033_3568897909-61056-034,listing 01/09/1959 bre cert 12/11/1958 ok,
1417,3568900074-61057-005_3568900074-61057-006,BRE Cert 04/06/1959 Processed 04/13/1959,
1423,3568901018-61058-001_3568901018-61058-002,listing 03/13/1959 bre cert ok 03/02/1959,
1424,3568901018-61058-003_3568901018-61058-004,listing 01/08/1959 bre cert ok 01/12/1959,
1428,3568901018-61058-011_3568901018-61058-012,"bre cert 02/25/1959, processed 04/15/1959",
1429,3568901018-61058-013_3568901018-61058-014,bre cert 03/24/1959 listing 03/20/1959,
1433,3568901018-61058-021_3568901018-61058-022,"assign to public housing (refuse), listing 03/26/1959, bre certok 04/20/1959",
1440,3568902147-61059-001_3568902147-61059-002,Listings 01/12/1959 BRE Cert OK 01/21/1959,"Note in Monthly rent: “Store”
Person 1 Unemployed
Person 2 is a Housewife"
1443,3568902147-61059-007_3568902147-61059-008,"List of addresses. 
Listings 06/19/1959
BRE Cert 06/19/1959",Note in Monthly Rental: “Verified 02/25”
1445,3568902147-61059-011_3568902147-61059-012,"02/10/1959 BRE Cert Substandard- Overcrowded
03/02/1959 Processed
More information.",
1451,3568902147-61059-023_3568902147-61059-024,BRE Cert 04/07/1959 Processed 04/13/1959,Person 3 is in School
1454,3568902147-61059-029_3568902147-61059-030,02/17/1959 Processed (BRE Cert S/S) 01/26/1959,"No M.O.
Note in Welfare: “106.70 Bi. Mo.”
Rent Rage is Welfare"
1462,3568902741-61060-003_3568902741-61060-004,"List of addresses. 
Listings June 08/1959
BRE Cert OK 06/08/1959",Separated.
1467,3568902741-61060-013_3568902741-61060-014,"Address. 
BRE Cert OK 08/12/1959
Listings Aug 11/1959",Note in Monthly Rental- “Verified”
1468,3568902741-61060-015_3568902741-61060-016,11/05/1958 Processed w/o BRE Certification,"Person 1, 2, 3 are Employed"
1472,3568902741-61060-023_3568902741-61060-024,"List of addresses.
BRE Cert OK
Listings May 11/1959","Welfare is 65.00 Bi. Mo.
Rent Rage is Welfare"
1474,3568902741-61060-027_3568902741-61060-028,"Address. 
Listings May 20/1959
BRE Cert Ok 05/04/1959","Welfare is 80.00 Bi. Mo.
Rent Range is Welfare"
1478,3568902741-61060-035_3568902741-61060-036,"List of addresses.
Listings May 11/1959
BRE Cert 01/12/1959","Income is Soc. Sec.
Widowed"
1480,3568902741-61060-039_3568902741-61060-040,08/21/1958 Form Processed w/o BRE Cert,
1483,3568902741-61060-045_3568902741-61060-046,Info gotten from Bureau of Real Estate records- 04/16/1958 substandard by BRE,"Ages instead of Year of Birth.
Two dates, first one is 03/03/1958
Weekly rental is 18.00 for the new address."
1485,3568902741-61060-049_3568902741-61060-050,"BRE Cert 03/23/1959 OK
Listings Apr. 15/1959",Note: “On site transfer from 143 W 64 St apt. 8 p 127”
1490,3568903702-61061-005_3568903702-61061-006,"08/14/1959 BRE Cert Substandard (No Private Bath, No Toilet)
Processed 08/19/1959","New Address: “463 W 34 St, Apt. 5”
Another New Address: “? Elizabeth Murray”
Another Address: “Final- 321 W 33 Apt 23”"
1492,3568903702-61061-009_3568903702-61061-010,"08/13/1958 Inspected by BRE shows apt found by tenant to be substandard
12/17/1958 M/O Paper processed
11/17/1958 Off site Standard- Toilet installed in apt. C. Di Bello (BRE)",
1495,3568903702-61061-015_3568903702-61061-016,"BRE Cert 06/25/1959
Listings June 25/1959",
1498,3568903702-61061-021_3568903702-61061-022,"List of addresses. 
Listings May 27/1959
BRE CErt Ok 03/28/1959",Separated.
1504,3568903702-61061-033_3568903702-61061-034,"List of addresses.
Listings 05/04/1959
BRE Cert OK 05/12/1959",Income Person 2 says “Emp.”
1505,3568903702-61061-035_3568903702-61061-036,"Listings 03/06/1959
Proc. BRE 03/19/1959",Widowed
1511,3568904271-61062-003_3568904271-61062-004,"listing 06/12/1959, bre cert ok 06/25/1959",
1514,3568904271-61062-009_3568904271-61062-010,"bre cert 03/17/1959, listing 03/17/1959",
1515,3568904271-61062-011_3568904271-61062-012,"bre cert 02/05/1959 , listing 02/04/1959",
1516,3568904271-61062-013_3568904271-61062-014,"listing 02/02/1959, 01/30/1059 bre cert ok",
1519,3568904271-61062-019_3568904271-61062-020,"tenant may file for bonus at future date 07/07/1958, bre cert 12/03/1958",
1524,3568904271-61062-029_3568904271-61062-030,"listing 01/27/1959, bre cert ok 01/28/1959",
1530,3568905752-61063-007_3568905752-61063-008,"bre cert 03/20/1959, forwarded 03/26/1959",
1532,3568905752-61063-011_3568905752-61063-012,05/05/1958 bre inspection standard,
1534,3568905752-61063-015_3568905752-61063-016,"bre cert ok 05/12/1959, multiple addressed offered ",
1536,3568905752-61063-019_3568905752-61063-020,"listing 02/10/1959, bre cert ok 02/16/1959",
1537,3568905752-61063-021_3568905752-61063-022,"listing 01/14/1959, 01/14/1959 bre cert ok ",
1538,3568905752-61063-023_3568905752-61063-024,"listing 01/30/1959, bre cert ok 01/30/1959",
1539,3568905752-61063-025_3568905752-61063-026,"listing 12/19/1958, bre cert ok 12/19/1958",
1541,3568905752-61063-029_3568905752-61063-030,"listing 03/02/1959, bre cert ok 03/09/1959",
1543,3568906814-61064-001_3568906814-61064-002,"bre cert 10/31/58, 1/8/58 bre cert ",
1544,3568906814-61064-003_3568906814-61064-004,"01/12/1959 bre cert ok, listing 01/08/1959",
1548,3568906814-61064-011_3568906814-61064-012,"listing 01/23/1959, 01/08/1959 bre cert ok",
1549,3568906814-61064-013_3568906814-61064-014,"08/29/1958 offered an location, 11/19/1958 processed w/o bre cert, 11/20/1958 bre cert ",
1558,3568908691-61066-005_3568908691-61066-006,"12/09/1958 Processed w/o BRE Cert
BRE Cert Ok 12/03/1958",
1559,3568908691-61066-007_3568908691-61066-008,09/08/1958 BRE Cert Standard,
1566,3568909324-61067-001_3568909324-61067-002,"12/09/1958 Processed w/o BRE Cert
BRE Cert Ok 11/25/1958",Person 1 was unemployed
1567,3568909324-61067-003_3568909324-61067-004,BRE Cert 04/14/1959 Processed 04/20/1959,
1570,3568909324-61067-009_3568909324-61067-010,11/03/1958 Processed w/o BRE Cert,
1574,3568909924-61068-005_3568909924-61068-006,"10/27/1958 bre cert, processed 11/19/1958 ",
1575,3568909924-61068-007_3568909924-61068-008,"bre cert 02/09/1959, processed 04/15/1959",
1576,3568909924-61068-009_3568909924-61068-010,"bre cert 02/10/1959, processed 04/15/1959",
1577,3568909924-61068-011_3568909924-61068-012,"bre cert 07/02/1959, processed 04/15/1959",
1600,3568912231-61070-003_3568912231-61070-004,"11/20/1958 processed w/o bre cert, bre cert 11/19/1959",
1604,3568912231-61070-011_3568912231-61070-012,"11/19/1958 processed w/o bre cert, 10/27/1958 bre cert ok",
1608,3568912231-61070-019_3568912231-61070-020,12/15/1958 processed w/o  bre cert,
1624,3568913303-61072-003_3568913303-61072-004,"11/18/1958 bre cert no central heat, 01/29/1959 processed ",
1626,3568913303-61072-007_3568913303-61072-008,09/13/1958 bre cert,
1633,3568913303-61072-021_3568913303-61072-022,10/07/1958 processed w/o  bre cert,
1634,3568913303-61072-023_3568913303-61072-024,"processed, bre cert 11/13/1958",
1636,3568913707-61073-001_3568913707-61073-002,"11/05/1958 Processed w/o BRE Cert 
10/29/19558 BRE Cert Ok",
1644,3568913707-61073-017_3568913707-61073-018,BRE Certification 08/15/1958 substandard - overcrowded,
1647,3568914324-61074-005_3568914324-61074-006,10/20/1958 processed w/o bre cert,
1658,3568914715-61075-001_3568914715-61075-002,08/20/1958 For Process w/o BRE Cert,"Person 11 - Relationship: S, Year of Birth: 1958"
1662,3568914715-61075-009_3568914715-61075-010,BRE Cert Substandard,
1667,3568915127-61076-005_3568915127-61076-006,11/18/1958 - (s/s) bre cert 10/23/1958,
1670,3568915127-61076-011_3568915127-61076-012,"11/25/1958 bre cert, 12/10/1958",
1681,3568915429-61077-003_3568915429-61077-004,bre-substandard,
1689,3568915429-61077-019_3568915429-61077-020,"bre certification 08/08/1958, 11/07/1958 relocation",
1690,3568915429-61077-021_3568915429-61077-022,"09/17/1958 processed, 05/05 by bre, 01/29/1959 processed ",
1693,3568915830-61078-005_3568915830-61078-006,BRE Certification 08/18/1958 substandard - overcrowded,
1701,3568916491-61079-001_3568916491-61079-002,"12/08/1958 Processed w/o BRE Cert
BRE Cert Ok 11/03/1958",
1702,3568916491-61079-003_3568916491-61079-004,BRE Cert Substandard 10/27/1958 Processed 04/21/1959,"At some time Mother was hospitalized and children taken in by Department of Welfare. 
According to the information provided they ended up at the Bronxdale Houses (today Sotomayor Houses)."
1705,3568916491-61079-009_3568916491-61079-010,BRE Certification - substandard overcrowded,
1706,3568916491-61079-011_3568916491-61079-012,10/27/1958 Processed w/o BRE Cert,
1738,3687346103-61084-007_3687346103-61084-008,"bre cert substandard 10/31/1958 no central heat, processed 11/26/1958, 02/05/1959 tenant rental sponsor found apt and moved in 02/04/1959 - being reprocessed 02/05/1959 through listing, cert ok 02/09/1959",
1754,3687346643-61085-015_3687346643-61085-016,"10/07/1958 Processed
w/o BRE Cert",Weekly rental is 16.50 for the original address.
1785,3687350085-61088-017_3687350085-61088-018,10/27/1958 processed w/o bre cert,
1789,3687350085-61088-025_3687350085-61088-026,"listing 01/20/1959, 01/21/1959 processed w/o bre cert, bre cert ok 01/15/1959",
1792,3687351060-61089-001_3687351060-61089-002,12/15/1958 processed w/o bre cert,
1794,3687351060-61089-005_3687351060-61089-006,bre cert 11/17/1958 unknown,
1797,3687351060-61089-011_3687351060-61089-012,"10/16/1958 processed, 08/18/1958 bre cert ",
1806,3687352813-61090-003_3687352813-61090-004,10/27/1958 processed w/o bre cert,
1818,3687352813-61090-027_3687352813-61090-028,10/07/1958 processed w/o bre cert,
1826,3687354473-61091-011_3687354473-61091-012,"List of addresses.
BRE Certification OK 07/14/1959
Listings, July 13/1959","22.00 bi. Monthly for the original address. 
Rent range says Welfare. 
Separated."
1827,3687354473-61091-013_3687354473-61091-014,"BRE Certification OK 07/14/1959
Listings, July 13/1959","No date in the front of the card. 
Weekly rental is 14.00 for the original address. 
No family information."
1828,3687354473-61091-015_3687354473-61091-016,"BRE Cert OK 07/14/1959
Listings, July 13/1959
Processed 07/16/1959","No date in the front of the card. 
Income Person 1 is Welfare. 
Separated. 
No. of Years in City is Life."
1853,3687357055-61094-009_3687357055-61094-010,"02/09/1959 processed, 03/10/1959 bre cert ",
1854,3687357055-61094-011_3687357055-61094-012,"11/24/1958 processed w/o bre cert, 10/08/1958 bre cert ok ",
1885,3687357594-61095-041_3687357594-61095-042,BRE Cert OK 06/04/1959,"No date in the front of the card.
No family information."
1894,3687358389-61096-015_3687358389-61096-016,"Family moved over to
11/19/1958 Processed w/o BRE Cert.","No date in the front of the card. 
Weekly rental is 20.00 for the original address. 
Widowed."
1898,3687358841-61097-005_3687358841-61097-006,"11/24/1958 Processed w/o BRE Cert
BRE Cert OK 09/29/1958
Processed 12/03","No date in the front of the card. 
Widowed."
1903,3687359409-61098-003_3687359409-61098-004,"bre cert 01/07/1959, processed 04/20/1959",
1910,3687359409-61098-017_3687359409-61098-018,10/20/1958 processed w/o bre cert,
1911,3687359409-61098-019_3687359409-61098-020,12/09/1958 processed w/o bre cert,
1912,3687359409-61098-021_3687359409-61098-022,"11/19/1958 processed w/o bre cert, bre cert ok 10/21/1958, processed 12/03",
1915,3687359810-61099-001_3687359810-61099-002,BRE Cert 12/19/1958 Substandard- Overcrowded.,"No date in the front of the card. 
Weekly rental is 7.75 for the original address. 
Person 1 Income is Welfare."
1960,3687361245-61102-009_3687361245-61102-010,"BRE Cert 02/26/1959 
Processed 04/16/1959",Person 2 is a Housewife
1961,3687361245-61102-011_3687361245-61102-012,04/30/1958- BRE inspection- Standard,"Single
Note in Moving Expense: BRE"
1972,3687361245-61102-033_3687361245-61102-034,05/14/1958 BRE inspection Standard OK,"Note in Monthly Rental: “Verified 02/28”
New Apartment number says 2nd Floor."
1982,3687361245-61102-053_3687361245-61102-054,"BRE Cert 04/06/1959
Listings Apr. 03/1959","Income for Person 1 is Welfare. 
Stamp in the back of the card: Emergency Move Intra-Site Transfer
Note: “From 142 W 64 St Room Parlor”"
1987,3687361616-61103-009_3687361616-61103-010,"List of addresses.
BRE Cert 04/09/1959
Listings Apr. 08/1959",Person 2 is in School.
1994,3687361616-61103-023_3687361616-61103-024,"BRE Cert 04/02/1959 
Processed 04/02/1959",New address is a Private House.
1996,3687361616-61103-027_3687361616-61103-028,"Address. 
Listings 05/20/1959
BRE Cert OK 05/22/1959","No date in the front of the card. 
Income for Person 1 says 15.00 MO
Monthly Rent is Free Supt. 
Persons 3-4 are in School
Person 6 is Unemployed"
1998,3687361616-61103-031_3687361616-61103-032,"BRE Cert 04/08/1959
Processed 04/13/1959","Divorced.
Public Housing is Amsterdam."
2005,3687362121-61104-005_3687362121-61104-006,BRE Cert 04/03/1959- Processed 04/08/1959,Moved to a house in Puerto Rico.
2012,3687362121-61104-019_3687362121-61104-020,"Listings Jan 09/1959
BRE Cert. 11/12/1958 OK",Separated.
2013,3687362121-61104-021_3687362121-61104-022,"Address. 
Listings May 05/1959
BRE Cert Ok 05/06/1959",
2014,3687362121-61104-023_3687362121-61104-024,"List of addresses. 
Listings May 11/1959
BRE Cert Ok 05/12/1959",
2017,3687362121-61104-029_3687362121-61104-030,"Listings May 11/1959
BRE Cert OK 05/12/1959",
2018,3687362121-61104-031_3687362121-61104-032,"BRE Cert 04/01/1959
Processed 04/06/1959
Bonus","Person 2 is a Housewife.
Persons 3-4 are in School.
New apt. No. says 1st Fl."
2024,3687362500-61105-005_3687362500-61105-006,"List of addresses. 
Processed 09/29/1959
BRE Cert OK 09/25/1959",
2045,3687364249-61106-009_3687364249-61106-010,"bre cert 06/25/1959, listing 06/25/1959",
2046,3687364249-61106-011_3687364249-61106-012,"bre cert 04/10/1959, processed 04/13/1959",
2047,3687364249-61106-013_3687364249-61106-014,"bre cert ok 05/22/1959, listing 06/02/1959",
2051,3687364249-61106-021_3687364249-61106-022,"bre cert ok 01/21/1959, listing 01/14/1959",
2054,3687364249-61106-027_3687364249-61106-028,"bre certification s/s no central heat, processed 12/9",
2064,3687364685-61107-019_3687364685-61107-020,"BRE Cert 03/16/1959
Listings","No. of Years in Site is 3 weeks
New apt. No. is 2nd Fl"
2065,3687364685-61107-021_3687364685-61107-022,"Listings Mar. 06/1959
Proc. BRE 03/09/1959",
2076,3687364685-61107-043_3687364685-61107-044,"BRE Cert 03/13/1959
Listings Mar. 13/1959","Rent range is Welfare
New apt. No. says 2nd Fl"
2084,3687368625-61110-003_3687368625-61110-004,"Lived formerly on the site of Amsterdam Houses.
Address. 
BRE Cert Ok 07/14/1959
Listings 06/ 29/1959","Person 2 is Retired. 
Person 4 is Unemployed. 
Person 5 is a Housewife. 
Persons 6-7 are in School. 
Differences in New monthly rent and apartment characteristics rent."
2098,3687370077-61111-017_3687370077-61111-018,"08/06/1959 cert to sponsor moving claim to c/o 144.00, bre cert ok 08/03/1959, listing 07/28/1959",
2107,3687371744-61112-003_3687371744-61112-004,"bre cert 03/26/1959, processed 03/26/1959",
2108,3687371744-61112-005_3687371744-61112-006,"bre cert 3/19/59,  processed 3/26/59",
2111,3687371744-61112-011_3687371744-61112-012,"bre cert 2/24/59, processen 4/20/59, cert to sponsor 2/25/59 no claim for moving ",
2112,3687371744-61112-013_3687371744-61112-014,"cert 6/9/59, listing 6/9/1959, bre cert ok 6/9/59",
2119,3687372978-61113-003_3687372978-61113-004,"06/01/1959 Cert. to Sponsor
Address.
Listings May 22/1959
BRE Cert. OK 06/01/1959",Persons 3-4 are in School.
2120,3687372978-61113-005_3687372978-61113-006,"List of addresses. 
06/10/1959 Cert. to Sponsor
Listings June 09/19/1959
BRE Cert OK 06/10/1959","Person 2 is a Housewife.
Persons 4 is in School."
2124,3687372978-61113-013_3687372978-61113-014,"List of addresses.
08/21/1959 Cert. to Sponsor
BRE Cert OK 08/09/1959
Listings Aug. 11/1959",
2127,3687372978-61113-019_3687372978-61113-020,"Address.
Cert. to Sponsor 08/17/1959
BRE Cert OK 08/12/1959
Listings Aug 07/1959",
